filename,label
02vDub.JPG,A
02Wlp5.JPG,A
0efOMJ.JPG,A
0HfVyw.JPG,A
0LvGzD.JPG,A
0qA0aS.JPG,A
0w63ez.JPG,A
0whrvW.JPG,A
0wnYbS.JPG,A
157TJE.JPG,A
1A87jD.JPG,A
1cYEYL.jpg,A
1g08Pn.JPG,A
1HW6Xg.JPG,A
2p5geh.JPG,A
2twkEb.jpg,A
33ObKF.JPG,A
3aHXMX.jpg,A
3BXAod.JPG,A
3dSgFn.JPG,A
3DzzP0.jpg,A
3gQJza.JPG,A
3i2Lu7.JPG,A
3iRULC.JPG,A
3oS5H2.JPG,A
3qgbqx.JPG,A
4yhtrf.JPG,A
4zpPTb.JPG,A
5fncjO.JPG,A
5G0VMk.JPG,A
5OBNQ5.JPG,A
5TyUoc.JPG,A
6ootqW.jpg,A
6xmfEw.JPG,A
73h9XF.JPG,A
7k05fY.JPG,A
7nnOxj.JPG,A
7o9WnB.jpg,A
7rwu5O.JPG,A
7TxQ6i.JPG,A
86Q8AH.JPG,A
89TA53.JPG,A
8E0CzP.JPG,A
8FHiaI.JPG,A
8FSvtf.JPG,A
8SSccR.JPG,A
8TMgem.JPG,A
8uNp5W.JPG,A
8ZhXCb.jpg,A
9QmL31.JPG,A
9WzAE1.JPG,A
9xFbiq.jpg,A
9zrmTR.JPG,A
a5B0Bo.jpg,A
a9WgFG.JPG,A
aAumwk.JPG,A
ACyOyI.JPG,A
aF5c1b.JPG,A
agA1w1.JPG,A
anptz4.JPG,A
ArkqZv.JPG,A
ATBba4.JPG,A
aTucsk.jpg,A
AuIddr.JPG,A
AWsFnl.JPG,A
aXViDd.JPG,A
azywAs.JPG,A
B7bA8E.JPG,A
BcC5hZ.JPG,A
BDEsIY.jpg,A
befndL.JPG,A
beixqy.JPG,A
bIGKwh.jpg,A
BigWWg.JPG,A
Bih1aW.JPG,A
bqD5O6.jpg,A
BWIBGx.JPG,A
bZfqJw.jpg,A
caxwVM.JPG,A
cdJt3J.JPG,A
cg6Hw8.JPG,A
CHoG5I.JPG,A
CiBjiq.jpg,A
CIIGZl.JPG,A
cnfT2e.JPG,A
co0Ie0.jpg,A
cSfRGi.JPG,A
DAxywZ.jpg,A
DMXFKs.jpg,A
dolKQA.jpg,A
DOoyZQ.JPG,A
dR1n0T.jpg,A
dTIq0Q.JPG,A
E0isuS.jpg,A
eg5TIE.jpg,A
EhvjWo.JPG,A
endUjk.JPG,A
eqCpTR.JPG,A
etmQqn.JPG,A
Evoij9.JPG,A
f1odBb.JPG,A
faPmqY.jpg,A
fJgiwn.JPG,A
fpaQir.JPG,A
fr5u4H.JPG,A
FS782E.JPG,A
g0hjyK.JPG,A
g8WCzn.jpg,A
gAmNuM.jpg,A
GhPk6a.JPG,A
glIi7X.JPG,A
GlznpN.JPG,A
gOhRlg.JPG,A
GRc0D5.JPG,A
h06488.JPG,A
HCvKrG.JPG,A
hk127G.JPG,A
Hk954s.JPG,A
HpkP5M.JPG,A
hQvYSn.jpg,A
HU3sdT.jpg,A
HwDTQA.JPG,A
I1WmjZ.JPG,A
I21wKC.JPG,A
i7cn0B.JPG,A
iA3Dhe.JPG,A
ibU41l.JPG,A
iCwVYI.JPG,A
IGF2sB.JPG,A
IJHbag.JPG,A
ijvjoU.jpg,A
ILkM4k.JPG,A
iNTgRV.JPG,A
ioHAIx.JPG,A
iTRRNj.JPG,A
j5ttDi.JPG,A
J6h8fw.JPG,A
jiT3mL.JPG,A
JpDCGF.jpg,A
JPRhAS.JPG,A
JrJsHj.JPG,A
jRuz1I.JPG,A
JW3Xh5.jpg,A
JZwWyJ.JPG,A
k3jSvc.JPG,A
K8kExA.jpg,A
KaHdnK.JPG,A
KCYUq4.JPG,A
kDncDK.JPG,A
kf1ZEo.JPG,A
kKBUx7.JPG,A
kT8v8G.jpg,A
KujXHW.JPG,A
kut5Qo.JPG,A
KvJm3N.JPG,A
kWGY4U.JPG,A
KXoUmS.JPG,A
l1UYIo.JPG,A
L8yFDL.jpg,A
LCFHLl.JPG,A
lEEVxV.JPG,A
LGrjFK.JPG,A
lmvYle.JPG,A
Lo1u3Q.jpg,A
Ly0rSi.JPG,A
lyNyGn.JPG,A
mCDKFg.jpg,A
MeD3ti.JPG,A
MPpEE2.JPG,A
mSAU45.JPG,A
msBB9q.jpg,A
mtA8qk.JPG,A
NalAZ6.JPG,A
NDWe2f.JPG,A
nkts2j.jpg,A
nQPXQK.JPG,A
nvOppp.JPG,A
o8G7pw.jpg,A
o8JWJf.JPG,A
Oauyun.JPG,A
oEmyHb.JPG,A
OK3gtY.JPG,A
oPNAf2.JPG,A
oRo9Sn.JPG,A
OvE1pS.JPG,A
OweGtE.JPG,A
oYue7q.jpg,A
P6KaUp.JPG,A
pa2Vs8.JPG,A
pftWW1.jpg,A
PJ0IU9.jpg,A
pj7Kvu.JPG,A
pKKdEW.JPG,A
plSbQ5.JPG,A
pNxPi6.JPG,A
poo8Fr.JPG,A
pr0EfZ.JPG,A
q0aFds.JPG,A
q11p2g.JPG,A
Q4glSY.JPG,A
Q7IOzS.JPG,A
Q7iyI9.JPG,A
qg3kUA.JPG,A
QGuZBJ.JPG,A
qi668D.JPG,A
QOrF8L.JPG,A
QP197E.JPG,A
qpxk0Q.JPG,A
QTjhSy.JPG,A
QUujz3.JPG,A
qvUFFa.JPG,A
r2iwwF.JPG,A
r8iqPF.JPG,A
rAm37J.jpg,A
RcgFnL.jpg,A
rdUiL9.jpg,A
RTMzlF.jpg,A
RX9KuI.JPG,A
S0E3SU.JPG,A
S0LZYk.JPG,A
S4yRA3.JPG,A
SF7042.JPG,A
ShVmPj.jpg,A
SkEmAd.jpg,A
ssEdGi.JPG,A
ssGfD7.JPG,A
sSlJWX.JPG,A
swpxjp.JPG,A
sZpCbk.JPG,A
T2dtjY.JPG,A
t7iSgd.JPG,A
TE8Vxa.JPG,A
TG5j7q.jpg,A
TGD3s8.JPG,A
tIErtz.JPG,A
TJAxRg.JPG,A
tL1yii.JPG,A
tlAnIu.jpg,A
tlDEx9.JPG,A
tn4FEN.JPG,A
TuMPda.jpg,A
u0U5cx.JPG,A
u15PNT.JPG,A
U19utS.JPG,A
U2KZrN.JPG,A
u6QpXH.JPG,A
u7xnm2.jpg,A
Ua7sFQ.JPG,A
UetjaK.jpg,A
ufpqfL.JPG,A
ugaJIf.JPG,A
UHNM7c.JPG,A
ulCIiW.jpg,A
UN4QK3.JPG,A
unD3A9.jpg,A
uNtYfb.JPG,A
uOIY6S.JPG,A
UPULpA.JPG,A
UtOo3F.JPG,A
uuNTYK.jpg,A
UvZKLC.JPG,A
Uz89yL.JPG,A
v92Lkp.jpg,A
vBvgFd.JPG,A
VKtMFx.jpg,A
VM8Yta.jpg,A
Vo395c.JPG,A
VtYLu6.JPG,A
vWfgvj.JPG,A
Vzboau.JPG,A
W21XNi.JPG,A
wcP8sQ.JPG,A
wdeMV1.JPG,A
WiXaqp.JPG,A
WmdcD8.jpg,A
wMDcpx.JPG,A
WnvDjl.JPG,A
wRM1d8.jpg,A
wsPa0x.jpg,A
WZ8N63.JPG,A
X3Qdl1.jpg,A
xDUgl9.jpg,A
xEatxa.JPG,A
xH8x78.JPG,A
XkKUkZ.JPG,A
y4MYN0.JPG,A
yfFQdR.JPG,A
yGFpI6.JPG,A
YhuKFV.JPG,A
YjzL8e.jpg,A
yJZVkb.JPG,A
YkZL50.JPG,A
YLfaAE.JPG,A
ymisVd.jpg,A
yoNaGz.JPG,A
ypFDrG.JPG,A
yrERsg.JPG,A
YvuMcl.JPG,A
Z0yizG.JPG,A
Z4OBfX.JPG,A
Z71UyT.JPG,A
ZBPfNG.jpg,A
zEXwSV.jpg,A
ZhYmYY.JPG,A
ZpmCIf.JPG,A
ZpzmTv.JPG,A
ZQ6Vzr.JPG,A
ZQfWfN.jpg,A
ZS0e2R.JPG,A
Zs8ioe.JPG,A
zT7Uzi.JPG,A
zyHSF7.JPG,A