filename,label
02Wlp5.JPG,Q
02vDub.JPG,G
0HfVyw.JPG,D
0LvGzD.JPG,S
0efOMJ.JPG,N
0qA0aS.JPG,B
0w63ez.JPG,S
0whrvW.JPG,J
0wnYbS.JPG,F
157TJE.JPG,L
1A87jD.JPG,P
1HW6Xg.JPG,U
1cYEYL.jpg,D
1g08Pn.JPG,H
2p5geh.JPG,U
2twkEb.jpg,B
33ObKF.JPG,W
3BXAod.JPG,H
3DzzP0.jpg,S
3aHXMX.jpg,K
3dSgFn.JPG,M
3gQJza.JPG,A
3i2Lu7.JPG,T
3iRULC.JPG,R
3oS5H2.JPG,Q
3qgbqx.JPG,H
4yhtrf.JPG,G
4zpPTb.JPG,C
5G0VMk.JPG,S
5OBNQ5.JPG,E
5TyUoc.JPG,R
5fncjO.JPG,Q
6ootqW.jpg,K
6xmfEw.JPG,Y
73h9XF.JPG,A
7TxQ6i.JPG,B
7k05fY.JPG,R
7nnOxj.JPG,M
7o9WnB.jpg,Y
7rwu5O.JPG,Y
86Q8AH.JPG,C
89TA53.JPG,M
8E0CzP.JPG,C
8FHiaI.JPG,Z
8FSvtf.JPG,R
8SSccR.JPG,O
8TMgem.JPG,F
8ZhXCb.jpg,K
8uNp5W.JPG,S
9QmL31.JPG,S
9WzAE1.JPG,T
9xFbiq.jpg,M
9zrmTR.JPG,E
ACyOyI.JPG,P
ATBba4.JPG,C
AWsFnl.JPG,P
ArkqZv.JPG,C
AuIddr.JPG,U
B7bA8E.JPG,D
BDEsIY.jpg,G
BWIBGx.JPG,I
BcC5hZ.JPG,N
BigWWg.JPG,W
Bih1aW.JPG,H
CHoG5I.JPG,L
CIIGZl.JPG,I
CiBjiq.jpg,C
DAxywZ.jpg,L
DMXFKs.jpg,K
DOoyZQ.JPG,E
E0isuS.jpg,A
EhvjWo.JPG,I
Evoij9.JPG,S
FS782E.JPG,D
GRc0D5.JPG,Z
GhPk6a.JPG,G
GlznpN.JPG,X
HCvKrG.JPG,Y
HU3sdT.jpg,F
Hk954s.JPG,Z
HpkP5M.JPG,O
HwDTQA.JPG,S
I1WmjZ.JPG,B
I21wKC.JPG,B
IGF2sB.JPG,N
IJHbag.JPG,E
ILkM4k.JPG,L
J6h8fw.JPG,B
JPRhAS.JPG,K
JW3Xh5.jpg,L
JZwWyJ.JPG,D
JpDCGF.jpg,I
JrJsHj.JPG,A
K8kExA.jpg,W
KCYUq4.JPG,N
KXoUmS.JPG,M
KaHdnK.JPG,J
KujXHW.JPG,X
KvJm3N.JPG,K
L8yFDL.jpg,Q
LCFHLl.JPG,R
LGrjFK.JPG,F
Lo1u3Q.jpg,D
Ly0rSi.JPG,Q
MPpEE2.JPG,H
MeD3ti.JPG,J
NDWe2f.JPG,P
NalAZ6.JPG,Q
OK3gtY.JPG,V
Oauyun.JPG,X
OvE1pS.JPG,F
OweGtE.JPG,E
P6KaUp.JPG,M
PJ0IU9.jpg,N
Q4glSY.JPG,O
Q7IOzS.JPG,D
Q7iyI9.JPG,A
QGuZBJ.JPG,I
QOrF8L.JPG,N
QP197E.JPG,Z
QTjhSy.JPG,M
QUujz3.JPG,M
RTMzlF.jpg,F
RX9KuI.JPG,U
RcgFnL.jpg,X
S0E3SU.JPG,F
S0LZYk.JPG,G
S4yRA3.JPG,J
SF7042.JPG,V
ShVmPj.jpg,Z
SkEmAd.jpg,G
T2dtjY.JPG,M
TE8Vxa.JPG,V
TG5j7q.jpg,R
TGD3s8.JPG,M
TJAxRg.JPG,F
TuMPda.jpg,U
U19utS.JPG,I
U2KZrN.JPG,B
UHNM7c.JPG,Q
UN4QK3.JPG,T
UPULpA.JPG,W
Ua7sFQ.JPG,D
UetjaK.jpg,J
UtOo3F.JPG,D
UvZKLC.JPG,H
Uz89yL.JPG,Y
VKtMFx.jpg,C
VM8Yta.jpg,K
Vo395c.JPG,Z
VtYLu6.JPG,I
Vzboau.JPG,O
W21XNi.JPG,U
WZ8N63.JPG,X
WiXaqp.JPG,L
WmdcD8.jpg,L
WnvDjl.JPG,G
X3Qdl1.jpg,R
XkKUkZ.JPG,Y
YLfaAE.JPG,P
YhuKFV.JPG,T
YjzL8e.jpg,O
YkZL50.JPG,T
YvuMcl.JPG,Q
Z0yizG.JPG,Q
Z4OBfX.JPG,W
Z71UyT.JPG,M
ZBPfNG.jpg,R
ZQ6Vzr.JPG,V
ZQfWfN.jpg,M
ZS0e2R.JPG,W
ZhYmYY.JPG,V
ZpmCIf.JPG,A
ZpzmTv.JPG,Y
Zs8ioe.JPG,V
a5B0Bo.jpg,Z
a9WgFG.JPG,A
aAumwk.JPG,F
aF5c1b.JPG,V
aTucsk.jpg,K
aXViDd.JPG,U
agA1w1.JPG,O
anptz4.JPG,S
azywAs.JPG,Y
bIGKwh.jpg,T
bZfqJw.jpg,G
befndL.JPG,R
beixqy.JPG,Q
bqD5O6.jpg,H
cSfRGi.JPG,J
caxwVM.JPG,Z
cdJt3J.JPG,K
cg6Hw8.JPG,O
cnfT2e.JPG,E
co0Ie0.jpg,H
dR1n0T.jpg,W
dTIq0Q.JPG,E
dolKQA.jpg,S
eg5TIE.jpg,X
endUjk.JPG,T
eqCpTR.JPG,A
etmQqn.JPG,H
f1odBb.JPG,P
fJgiwn.JPG,C
faPmqY.jpg,K
fpaQir.JPG,A
fr5u4H.JPG,E
g0hjyK.JPG,A
g8WCzn.jpg,W
gAmNuM.jpg,R
gOhRlg.JPG,W
glIi7X.JPG,N
h06488.JPG,K
hQvYSn.jpg,X
hk127G.JPG,F
i7cn0B.JPG,Z
iA3Dhe.JPG,K
iCwVYI.JPG,N
iNTgRV.JPG,I
iTRRNj.JPG,H
ibU41l.JPG,C
ijvjoU.jpg,L
ioHAIx.JPG,K
j5ttDi.JPG,B
jRuz1I.JPG,A
jiT3mL.JPG,R
k3jSvc.JPG,B
kDncDK.JPG,E
kKBUx7.JPG,M
kT8v8G.jpg,K
kWGY4U.JPG,S
kf1ZEo.JPG,P
kut5Qo.JPG,D
l1UYIo.JPG,B
lEEVxV.JPG,O
lmvYle.JPG,V
lyNyGn.JPG,L
mCDKFg.jpg,M
mSAU45.JPG,G
msBB9q.jpg,M
mtA8qk.JPG,S
nQPXQK.JPG,G
nkts2j.jpg,E
nvOppp.JPG,B
o8G7pw.jpg,E
o8JWJf.JPG,X
oEmyHb.JPG,B
oPNAf2.JPG,U
oRo9Sn.JPG,L
oYue7q.jpg,F
pKKdEW.JPG,I
pNxPi6.JPG,Z
pa2Vs8.JPG,I
pftWW1.jpg,A
pj7Kvu.JPG,H
plSbQ5.JPG,G
poo8Fr.JPG,Q
pr0EfZ.JPG,L
q0aFds.JPG,U
q11p2g.JPG,R
qg3kUA.JPG,S
qi668D.JPG,T
qpxk0Q.JPG,H
qvUFFa.JPG,J
r2iwwF.JPG,U
r8iqPF.JPG,K
rAm37J.jpg,K
rdUiL9.jpg,G
sSlJWX.JPG,K
sZpCbk.JPG,F
ssEdGi.JPG,C
ssGfD7.JPG,N
swpxjp.JPG,T
t7iSgd.JPG,J
tIErtz.JPG,O
tL1yii.JPG,C
tlAnIu.jpg,U
tlDEx9.JPG,S
tn4FEN.JPG,V
u0U5cx.JPG,T
u15PNT.JPG,X
u6QpXH.JPG,V
u7xnm2.jpg,L
uNtYfb.JPG,R
uOIY6S.JPG,Y
ufpqfL.JPG,L
ugaJIf.JPG,P
ulCIiW.jpg,G
unD3A9.jpg,K
uuNTYK.jpg,O
v92Lkp.jpg,L
vBvgFd.JPG,M
vWfgvj.JPG,I
wMDcpx.JPG,I
wRM1d8.jpg,G
wcP8sQ.JPG,M
wdeMV1.JPG,H
wsPa0x.jpg,Z
xDUgl9.jpg,O
xEatxa.JPG,P
xH8x78.JPG,O
y4MYN0.JPG,W
yGFpI6.JPG,X
yJZVkb.JPG,L
yfFQdR.JPG,Y
ymisVd.jpg,P
yoNaGz.JPG,Q
ypFDrG.JPG,W
yrERsg.JPG,C
zEXwSV.jpg,Y
zT7Uzi.JPG,G
zyHSF7.JPG,F
